--
-- PostgreSQL database dump
--

-- Dumped from database version 11.5
-- Dumped by pg_dump version 11.3

-- Started on 2019-08-20 01:56:49

SET statement_timeout = 0;
SET lock_timeout = 0;
SET idle_in_transaction_session_timeout = 0;
SET client_encoding = 'UTF8';
SET standard_conforming_strings = on;
SELECT pg_catalog.set_config('search_path', '', false);
SET check_function_bodies = false;
SET xmloption = content;
SET client_min_messages = warning;
SET row_security = off;

DROP DATABASE book_shop;
--
-- TOC entry 2840 (class 1262 OID 16393)
-- Name: book_shop; Type: DATABASE; Schema: -; Owner: postgres
--

CREATE DATABASE book_shop WITH TEMPLATE = template0 ENCODING = 'UTF8' LC_COLLATE = 'Russian_Belarus.1251' LC_CTYPE = 'Russian_Belarus.1251';


ALTER DATABASE book_shop OWNER TO postgres;

\connect book_shop

SET statement_timeout = 0;
SET lock_timeout = 0;
SET idle_in_transaction_session_timeout = 0;
SET client_encoding = 'UTF8';
SET standard_conforming_strings = on;
SELECT pg_catalog.set_config('search_path', '', false);
SET check_function_bodies = false;
SET xmloption = content;
SET client_min_messages = warning;
SET row_security = off;

SET default_tablespace = '';

SET default_with_oids = false;

--
-- TOC entry 196 (class 1259 OID 16397)
-- Name: book; Type: TABLE; Schema: public; Owner: postgres
--

CREATE TABLE public.book (
  id integer NOT NULL,
  name character varying(50) NOT NULL,
  author character varying(50) NOT NULL,
  description character varying(250),
  cost numeric(8,2) NOT NULL
);


ALTER TABLE public.book OWNER TO postgres;

--
-- TOC entry 197 (class 1259 OID 16412)
-- Name: shop; Type: TABLE; Schema: public; Owner: postgres
--

CREATE TABLE public.shop (
  id bigint NOT NULL,
  name character varying(50) NOT NULL,
  cash numeric(10,2)
);


ALTER TABLE public.shop OWNER TO postgres;

--
-- TOC entry 200 (class 1259 OID 16445)
-- Name: shop_book; Type: TABLE; Schema: public; Owner: postgres
--

CREATE TABLE public.shop_book (
  shop_id bigint NOT NULL,
  book_id bigint NOT NULL
);


ALTER TABLE public.shop_book OWNER TO postgres;

--
-- TOC entry 198 (class 1259 OID 16420)
-- Name: user; Type: TABLE; Schema: public; Owner: postgres
--

CREATE TABLE public."user" (
  id bigint NOT NULL,
  pass character varying(50) NOT NULL,
  name character varying(50) NOT NULL,
  cash numeric(8,2)
);


ALTER TABLE public."user" OWNER TO postgres;

--
-- TOC entry 199 (class 1259 OID 16440)
-- Name: user_book; Type: TABLE; Schema: public; Owner: postgres
--

CREATE TABLE public.user_book (
  user_id bigint NOT NULL,
  book_id bigint NOT NULL
);


ALTER TABLE public.user_book OWNER TO postgres;

--
-- TOC entry 2830 (class 0 OID 16397)
-- Dependencies: 196
-- Data for Name: book; Type: TABLE DATA; Schema: public; Owner: postgres
--

INSERT INTO public.book (id, name, author, description, cost) VALUES (1, 'Pet Sematary', 'Stephen King', 'Louis Creed, a doctor from Chicago, moves to a large house near the small town of Ludlow with his wife Rachel, their two young children...', 12.00);
INSERT INTO public.book (id, name, author, description, cost) VALUES (2, 'The Dark Tower: The Gunslinger', 'Stephen King', 'The gunslinger comes across a hut in the desert owned by a farmer named Brown, who has a pet raven named Zoltan...', 24.00);
INSERT INTO public.book (id, name, author, description, cost) VALUES (3, 'Needful Things', 'Stephen King', 'A new shop named "Needful Things" opens in the town of Castle Rock, Maine, sparking the curiosity of its citizens...', 11.00);
INSERT INTO public.book (id, name, author, description, cost) VALUES (4, 'A Game of Thrones', 'George R. R. Martin', 'A Game of Thrones is the first novel in A Song of Ice and Fire, a series of fantasy novels by the American author...', 46.00);
INSERT INTO public.book (id, name, author, description, cost) VALUES (5, 'Spectrum', 'Sergey Lukyanenko', 'A novel telling about the real world in which humanity has the opportunity to travel between worlds using portals.', 12.00);
INSERT INTO public.book (id, name, author, description, cost) VALUES (6, 'Spectrum', 'Dan Simmons', 'The first book of the tetralogy "Songs of Hyperion.', 15.00);


--
-- TOC entry 2831 (class 0 OID 16412)
-- Dependencies: 197
-- Data for Name: shop; Type: TABLE DATA; Schema: public; Owner: postgres
--

INSERT INTO public.shop (id, name, cash) VALUES (1, 'OZ', 1560.00);
INSERT INTO public.shop (id, name, cash) VALUES (2, 'Biblio', 1020.00);
INSERT INTO public.shop (id, name, cash) VALUES (3, 'Belkniga', 120.00);


--
-- TOC entry 2834 (class 0 OID 16445)
-- Dependencies: 200
-- Data for Name: shop_book; Type: TABLE DATA; Schema: public; Owner: postgres
--

INSERT INTO public.shop_book (shop_id, book_id) VALUES (1, 1);
INSERT INTO public.shop_book (shop_id, book_id) VALUES (1, 1);
INSERT INTO public.shop_book (shop_id, book_id) VALUES (1, 1);
INSERT INTO public.shop_book (shop_id, book_id) VALUES (1, 2);
INSERT INTO public.shop_book (shop_id, book_id) VALUES (1, 2);
INSERT INTO public.shop_book (shop_id, book_id) VALUES (1, 2);
INSERT INTO public.shop_book (shop_id, book_id) VALUES (2, 3);
INSERT INTO public.shop_book (shop_id, book_id) VALUES (2, 3);
INSERT INTO public.shop_book (shop_id, book_id) VALUES (2, 3);
INSERT INTO public.shop_book (shop_id, book_id) VALUES (2, 4);
INSERT INTO public.shop_book (shop_id, book_id) VALUES (2, 4);
INSERT INTO public.shop_book (shop_id, book_id) VALUES (2, 4);
INSERT INTO public.shop_book (shop_id, book_id) VALUES (3, 5);
INSERT INTO public.shop_book (shop_id, book_id) VALUES (3, 5);
INSERT INTO public.shop_book (shop_id, book_id) VALUES (3, 5);
INSERT INTO public.shop_book (shop_id, book_id) VALUES (3, 6);
INSERT INTO public.shop_book (shop_id, book_id) VALUES (3, 6);
INSERT INTO public.shop_book (shop_id, book_id) VALUES (3, 6);


--
-- TOC entry 2832 (class 0 OID 16420)
-- Dependencies: 198
-- Data for Name: user; Type: TABLE DATA; Schema: public; Owner: postgres
--

INSERT INTO public."user" (id, pass, name, cash) VALUES (1, 'pass123', 'Ivan', 5.00);
INSERT INTO public."user" (id, pass, name, cash) VALUES (2, 'pass456', 'Rita', 254.00);
INSERT INTO public."user" (id, pass, name, cash) VALUES (3, 'pass789', 'Alex', 357.00);
INSERT INTO public."user" (id, pass, name, cash) VALUES (4, 'pass098', 'Olga', 158.00);
INSERT INTO public."user" (id, pass, name, cash) VALUES (5, 'michael123', 'Michael', 65.00);


--
-- TOC entry 2833 (class 0 OID 16440)
-- Dependencies: 199
-- Data for Name: user_book; Type: TABLE DATA; Schema: public; Owner: postgres
--



--
-- TOC entry 2700 (class 2606 OID 16404)
-- Name: book book_pkey; Type: CONSTRAINT; Schema: public; Owner: postgres
--

ALTER TABLE ONLY public.book
ADD CONSTRAINT book_pkey PRIMARY KEY (id);


--
-- TOC entry 2702 (class 2606 OID 16419)
-- Name: shop shop_pkey; Type: CONSTRAINT; Schema: public; Owner: postgres
--

ALTER TABLE ONLY public.shop
ADD CONSTRAINT shop_pkey PRIMARY KEY (id);


--
-- TOC entry 2704 (class 2606 OID 16427)
-- Name: user user_pkey; Type: CONSTRAINT; Schema: public; Owner: postgres
--

ALTER TABLE ONLY public."user"
ADD CONSTRAINT user_pkey PRIMARY KEY (id);


--
-- TOC entry 2707 (class 1259 OID 16449)
-- Name: fk_book_to_shop; Type: INDEX; Schema: public; Owner: postgres
--

CREATE INDEX fk_book_to_shop ON public.shop_book USING btree (book_id NULLS FIRST) INCLUDE (book_id);


--
-- TOC entry 2705 (class 1259 OID 16444)
-- Name: fk_book_to_user; Type: INDEX; Schema: public; Owner: postgres
--

CREATE INDEX fk_book_to_user ON public.user_book USING btree (book_id NULLS FIRST) INCLUDE (book_id);


--
-- TOC entry 2708 (class 1259 OID 16448)
-- Name: fk_shop_to_book; Type: INDEX; Schema: public; Owner: postgres
--

CREATE INDEX fk_shop_to_book ON public.shop_book USING btree (shop_id NULLS FIRST) INCLUDE (shop_id);


--
-- TOC entry 2706 (class 1259 OID 16443)
-- Name: fk_user_to_book; Type: INDEX; Schema: public; Owner: postgres
--

CREATE INDEX fk_user_to_book ON public.user_book USING btree (user_id NULLS FIRST) INCLUDE (user_id);


-- Completed on 2019-08-20 01:56:50

--
-- PostgreSQL database dump complete
--

